1|Take Bentley for a walk :)||f|2021-07-26 20:06:14.065-04|2021-07-26 20:06:14.065-04||f|
2|Mow the lawn||f|2021-07-26 21:18:00.326-04|2021-07-26 21:18:00.326-04||f|
35|Music Lessons||f|2021-07-29 10:38:15.234-04|2022-01-07 12:39:13.899367-05||t|
30|Wash your face||f|2021-07-29 10:32:03.75-04|2022-01-07 16:56:18.715638-05||f|
28|End shower with cold water||f|2021-07-29 10:30:22.058-04|2022-01-05 15:20:21.572972-05||f|
17|Maintain hygiene||f|2021-07-28 19:34:01.418-04|2022-01-07 17:58:48.622399-05||t|
3|Apply for Industriuos position|"Lexi''s Post:
https://www.linkedin.com/feed/update/urn:li:activity:6825476471780327424/

Job Post:
https://boards.greenhouse.io/industrious/jobs/3226229"|t|2021-07-26 23:39:51.626-04|2021-07-26 23:44:15.714593-04||f|
46|Get in contact with Sayeed's peeps||f|2021-07-29 14:07:46.737-04|2022-04-28 16:23:29.352003-04||f|"{'"goal_3'":1}"
44|Start planning Sayeed's bachelor party||f|2021-07-29 11:28:08.194-04|2021-07-29 14:07:46.739672-04||f|
13|Breakfast||f|2021-07-28 18:59:12.573-04|2022-01-07 17:58:42.086285-05||t|
9|Take care of Bentley||f|2021-07-28 18:57:51.708-04|2022-01-07 17:58:35.229345-05||t|
5|Wellness activities||f|2021-07-28 14:13:40.671-04|2022-01-07 17:58:28.861058-05||t|
6|Record Inventory||f|2021-07-28 18:57:00.903-04|2022-01-05 15:22:40.25767-05||f|
8|Dry skin brushing||f|2021-07-28 18:57:00.903-04|2022-01-05 15:22:27.865518-05||f|
67|Return biapers for mom||t|2021-08-09 15:17:37.135-04|2021-08-09 15:19:36.426273-04||f|
11|Feed Bentley||f|2021-07-28 18:57:51.708-04|2022-04-13 10:19:15.532734-04||f|
68|Return diapers for mom||t|2021-08-09 15:20:18.622-04|2021-08-09 15:23:17.363758-04||f|
19|Brush your teeth||f|2021-07-28 19:34:01.418-04|2022-01-07 16:49:51.098286-05||f|
15|Record breakfast||f|2021-07-28 18:59:12.573-04|2022-01-07 16:43:25.440633-05||f|
16|Take medicine||f|2021-07-28 18:59:12.573-04|2022-01-07 16:43:29.621485-05||f|
92|Look up tactical course||f|2021-08-15 18:57:47.608-04|2022-04-28 16:23:31.14318-04||f|"{'"goal_3'":2}"
21|Exercise||f|2021-07-28 19:35:11.577-04|2022-01-07 12:37:25.781783-05||t|
18|Flo your nase||f|2021-07-28 19:34:01.418-04|2022-01-05 15:21:26.094838-05||f|
81|Fix curfuffle with plane tickets||f|2021-08-09 20:53:03.139-04|2021-08-09 20:53:03.139-04||f|
24|Shower||f|2021-07-28 19:35:26.475-04|2022-01-07 16:52:01.747107-05||f|
82|Buy pre workout||f|2021-08-09 20:54:04.611-04|2021-08-09 20:54:04.611-04||f|
22|Jog||f|2021-07-28 19:35:11.577-04|2022-01-05 15:20:54.928604-05||f|
20|Walk Bentley||f|2021-07-28 19:34:39.504-04|2022-01-07 16:50:08.425784-05||f|
47|Sign-up for mixtape live|https://www.npr.org/mixtape|f|2021-07-29 19:37:51.954-04|2021-07-29 20:13:10.504398-04||f|
48|Replace filters||f|2021-07-29 21:33:29.784-04|2021-07-29 21:33:29.784-04||f|
49|Saw desk||t|2021-07-31 14:12:16.465-04|2021-07-31 14:13:09.968126-04||f|
50|Saw desk||t|2021-07-31 14:14:32.347-04|2021-07-31 14:40:36.116661-04||f|
57|Buy plane ticket||f|2021-07-31 18:59:03.614-04|2022-04-28 16:23:31.822111-04||f|"{'"goal_2'":1}"
31|Put on lotion||f|2021-07-29 10:32:03.75-04|2022-01-07 16:58:13.602221-05||f|
29|Wipe down shower||f|2021-07-29 10:31:10.711-04|2022-01-05 15:20:16.183474-05||f|
34|Sponge your hair||t|2021-07-29 10:36:35.193-04|2021-07-29 10:37:03.180198-04||f|
69|Return diapers for mom||t|2021-08-09 15:23:26.877-04|2021-08-09 15:26:08.901666-04||f|
70|Return diapers for mom||t|2021-08-09 15:26:13.448-04|2021-08-09 15:26:36.125828-04||f|
71|Return diapers for mom||t|2021-08-09 15:27:01.155-04|2021-08-09 15:27:41.669804-04||f|
51|Saw desk||t|2021-07-31 14:40:42.912-04|2021-07-31 14:47:38.787705-04||f|
52|Saw desk||t|2021-07-31 14:48:05.367-04|2021-07-31 14:52:15.123907-04||f|
53|Saw desk||t|2021-07-31 14:52:20.563-04|2021-07-31 14:59:16.39356-04||f|
54|Saw desk||f|2021-07-31 14:59:25.523-04|2021-07-31 14:59:25.523-04||f|
45|Put Mom's bed together||f|2021-07-29 12:51:50.966-04|2022-04-28 16:23:38.32178-04||f|"{'"goal_1'":3}"
59|Learn to graphically design people||f|2021-08-01 11:03:36.975-04|2021-08-01 11:07:37.297826-04||f|
60|Learn to draw people||f|2021-08-01 11:03:36.975-04|2021-08-01 11:07:40.808974-04||f|
61|Edge lawn||f|2021-08-01 13:41:59.086-04|2021-08-01 13:41:59.086-04||f|
4|Apply for Industrious position|"Lexi''s Post:
https://www.linkedin.com/feed/update/urn:li:activity:6825476471780327424/

Job Post:
https://boards.greenhouse.io/industrious/jobs/3226229"|t|2021-07-26 23:42:45.103-04|2021-08-05 13:19:52.41754-04||f|
62|Watch Soul||f|2021-08-05 23:42:31.678-04|2021-08-05 23:42:31.679-04||f|
63|Come up with present/project for Josi||f|2021-08-05 23:43:48.92-04|2021-08-05 23:43:48.92-04||f|
65|BUY DIRTBIKE!||f|2021-08-05 23:56:06-04|2021-08-05 23:56:06-04||f|
66|Go sky diving!||f|2021-08-06 00:17:39.797-04|2021-08-06 00:17:39.797-04||f|
33|Put on deodorant||f|2021-07-29 10:36:07.831-04|2022-01-07 17:02:43.756409-05||f|
39|Mental Exercise||f|2021-07-29 10:38:48.386-04|2022-01-07 12:39:19.988044-05||t|
36|Aural Skills||f|2021-07-29 10:38:15.234-04|2022-01-05 15:19:37.918664-05||f|
37|Guitar lessons||f|2021-07-29 10:38:15.234-04|2022-01-05 15:19:01.978778-05||f|
38|Piano lessons||f|2021-07-29 10:38:15.234-04|2022-01-05 15:18:54.375978-05||f|
10|Take Bentley out||f|2021-07-28 18:57:51.708-04|2022-01-07 17:12:18.515319-05||f|
43|Record Inventory||f|2021-07-29 10:39:48.837-04|2022-01-05 15:18:25.417117-05||f|
41|Grammer lessons||f|2021-07-29 10:38:48.386-04|2022-01-05 15:15:10.566481-05||f|
7|Deep breathing||f|2021-07-28 18:57:00.903-04|2022-01-05 15:22:33.746053-05||f|
14|Eat breakfast||f|2021-07-28 18:59:12.573-04|2022-01-07 16:43:17.356051-05||f|
27|Dab hair||f|2021-07-29 10:29:25.288-04|2022-01-07 16:52:20.814218-05||f|
32|Scan yourself||f|2021-07-29 10:35:33.363-04|2022-01-07 16:58:33.194023-05||f|
72|Return diapers for mom||t|2021-08-09 15:28:15.902-04|2021-08-09 15:34:42.864684-04||f|
73|Bath Bentley||t|2021-08-09 15:30:13.802-04|2021-08-09 15:35:39.690064-04||f|
74|Bathe Bentley||t|2021-08-09 15:35:15.688-04|2021-08-09 15:35:43.574728-04||f|
75|Bathe Bentley||t|2021-08-09 15:37:00.719-04|2021-08-09 15:42:45.07728-04||f|
76|Bathe Bentley||f|2021-08-09 15:51:17.476-04|2021-08-09 15:51:17.476-04||f|
77|Return diapers for mom||f|2021-08-09 16:21:49.656-04|2021-08-09 16:21:49.656-04||f|
78|Buy protein||f|2021-08-09 16:37:22.707-04|2021-08-09 16:37:22.707-04||f|
79|Buy creatine||f|2021-08-09 16:37:27.407-04|2021-08-09 16:37:27.407-04||f|
80|Deposit money||f|2021-08-09 16:37:51.757-04|2021-08-09 16:37:51.757-04||f|
83|Start journaling before school starts||t|2021-08-09 23:52:36.048-04|2021-08-09 23:54:49.057434-04||f|
84|Start journaling before school starts||f|2021-08-09 23:55:26.859-04|2021-08-09 23:55:26.859-04||f|
86|Get astrology and drawing books from the attic||f|2021-08-11 13:30:43.315-04|2021-08-11 13:30:43.315-04||f|
87|Get book on birth charts||f|2021-08-11 13:57:41.575-04|2021-08-11 13:57:41.576-04||f|
88|Get book on drawing and character design||f|2021-08-11 13:58:08.508-04|2021-08-11 13:58:08.508-04||f|
89|Watch course on design composition||f|2021-08-11 13:58:25.529-04|2021-08-11 13:58:25.529-04||f|
85|Buy line art (3 directions x 3 body types)||t|2021-08-11 13:29:28.385-04|2021-08-13 11:07:44.728578-04||f|
91|Buy knitting equptment||f|2021-08-14 00:49:48.611-04|2021-08-14 00:49:48.611-04||f|
55|Thing's Mom's asking of me||f|2021-07-31 18:44:45.01-04|2022-04-28 16:23:38.328172-04||f|"{'"goal_1'":4}"
93|Learn how to knit a baby blanket||f|2021-08-15 18:59:18.497-04|2021-08-15 18:59:18.497-04||f|
96|Drawing exercises||f|2021-08-20 20:44:59.632-04|2021-08-20 20:44:59.632-04||f|
97|Trace photos of yourself||f|2021-08-20 20:44:59.633-04|2021-08-20 20:44:59.633-04||f|
40|Adjective lessons||f|2021-07-29 10:38:48.386-04|2022-01-05 15:18:39.246525-05||f|
42|Spanish lessons||f|2021-07-29 10:38:48.386-04|2022-01-05 15:18:33.028047-05||f|
98|Briefing||t|2021-08-21 00:21:42.452-04|2021-11-14 14:51:49.583237-05||f|
94|Create drawing learning plan||f|2021-08-20 19:17:24.873-04|2022-04-28 16:23:38.479795-04||f|"{'"goal_6'":1}"
58|Learn to design people||f|2021-08-01 10:50:54.968-04|2022-04-28 16:23:32.3323-04||f|"{'"goal_4'":1}"
95|Create astrology learning plan||f|2021-08-20 19:17:42.873-04|2022-04-28 16:23:38.483543-04||f|"{'"goal_7'":1}"
64|Give your time back||f|2021-08-05 23:47:50.174-04|2022-04-28 16:23:38.486725-04||f|"{'"goal_5'":1}"
150|Floss||f|2022-01-08 18:09:17.824-05|2022-01-08 18:44:22.147054-05||f|
149|Spray hair||f|2022-01-08 18:09:10.807-05|2022-01-08 18:44:33.532609-05||f|
101|Buy Andrew Loomis books||f|2021-08-21 12:06:43.895-04|2021-08-21 12:06:43.895-04||f|
102|Draw Jung-Kook||f|2021-08-21 12:07:11.717-04|2021-08-21 12:07:11.717-04||f|
103|Digitize Jung-Kook||f|2021-08-21 12:07:29.237-04|2021-08-21 12:07:29.237-04||f|
106|Set up Alexa Show||f|2021-09-01 11:00:19.034-04|2021-09-01 11:00:19.034-04||f|
107|Buy Cheeze-Its! for Patrick||f|2021-09-01 11:00:37.058-04|2021-09-01 11:00:37.058-04||f|
108|Packs Mom's coat||f|2021-09-01 11:00:54.664-04|2021-09-01 11:00:54.664-04||f|
111|Become a participant in a GA Tech memory lab experiment|https://outlook.office.com/mail/inbox/id/AAQkAGM1YmRiOWQ0LTI3Y2EtNGJlZC1iNzU4LWE0ZTI2MjYxZjRmZAAQABg1SOf8OkZWhxohab10bQ8%3D|f|2021-09-13 14:02:59.582-04|2021-09-13 14:02:59.582-04||f|
112|https://boards.greenhouse.io/janetechnologies/jobs/4716720002?gh_src=92ea65162us||f|2021-09-21 21:01:16.018-04|2021-09-21 21:01:16.018-04||f|
113|Fix brakes||t|2021-10-15 15:02:55.962-04|2021-10-16 11:40:39.603104-04||f|
110|Mow lawn||t|2021-09-01 14:55:49.219-04|2021-10-16 11:44:43.415525-04||f|
115|Unpack car||f|2021-11-03 12:04:01.582-04|2021-11-03 12:04:01.582-04||f|
148|Wash face||f|2022-01-08 18:09:02.203-05|2022-01-08 18:44:44.239035-05||f|
116|Host site||f|2021-11-03 12:06:56.966-04|2021-11-03 12:06:56.966-04||f|
147|Brush teeth||f|2022-01-08 18:08:48.397-05|2022-01-08 18:44:55.596752-05||f|
151|Work on portrait of Val||f|2022-01-08 19:40:20.883-05|2022-01-08 19:40:20.883-05||f|
137|Make appointment with vet|"Annual physical, distempered adult booster, kennel cough, heartwor,mtest (encouraged) $211, t4 blood work $50
"|f|2022-01-05 12:39:30.03-05|2022-01-08 11:45:40.025493-05||f|
114|Come up with time-blocking schedule|"Fill schedule, Leave time (2 hours)
 for TV



"|f|2021-11-03 12:02:44.322-04|2021-11-04 11:18:19.676807-04||f|
119|Coach workitem (drag and drop)||f|2021-11-04 11:22:46.366-04|2021-11-04 11:22:46.366-04||f|
120|Pay electric bill||f|2021-11-04 14:41:24.44-04|2021-11-04 14:41:24.44-04||f|
121|Pay Geico bill||f|2021-11-04 14:41:29.104-04|2021-11-04 14:41:29.104-04||f|
122|Pay Verizon||f|2021-11-05 07:18:22.136-04|2021-11-05 07:18:22.136-04||f|
123|Deal with charges on REI card||f|2021-11-05 07:21:18.813-04|2021-11-05 07:21:18.813-04||f|
109|Bathe Bentley||t|2021-09-01 14:55:46.103-04|2021-11-09 10:26:17.977534-05||f|
181|Write requirements for Coach 1.0||f|2022-01-24 11:10:33.374-05|2022-04-28 16:23:38.429357-04||f|"{'"goal_37'":3}"
117|Draw self||t|2021-11-04 11:20:36.186-04|2021-11-09 10:28:13.222093-05||f|
124|temp||t|2021-11-09 15:13:18.685-05|2021-11-09 15:13:21.551351-05||f|
125|Coach: Add task actions||f|2021-11-09 22:38:57.477-05|2021-11-09 22:38:57.477-05||f|
126|Write what you do with your hours||f|2021-11-09 22:40:02.136-05|2021-11-09 22:40:02.136-05||f|
127|Look into nueroscience internships (Childrens Healthcare)||f|2021-11-10 08:26:47.235-05|2021-11-10 08:26:47.235-05||f|
128|Look into professors Harshita suggested||f|2021-11-10 08:27:20.89-05|2021-11-10 08:27:20.89-05||f|
129|Sign up for class||f|2021-11-10 08:54:37.813-05|2021-11-10 08:54:37.813-05||f|
130|Message girl about tutoring her||t|2021-11-11 12:18:57.415-05|2021-11-12 12:16:13.21932-05||f|
131|Help Dad finish setting up his Binance||f|2021-11-14 12:26:56.024-05|2021-11-14 12:26:56.024-05||f|
99|De-Briefing||t|2021-08-21 00:21:42.452-04|2021-11-14 14:51:51.475847-05||f|
100|Start time-blocking||t|2021-08-21 00:51:55.785-04|2021-11-14 14:51:52.533559-05||f|
105|Plan Biology course for the semester||t|2021-08-21 14:00:37.234-04|2021-11-14 14:52:07.596893-05||f|
104|Look up classes to audit||t|2021-08-21 14:00:05.284-04|2021-11-14 14:52:08.127493-05||f|
134|Find and contract someone to trim resume||t|2021-12-19 20:49:57.326-05|2021-12-19 20:52:31.294568-05||f|
142|"Create work-items / action items / goals & todos to practice advice from '"You Are a Badass'""||f|2022-01-08 12:48:27.782-05|2022-04-28 16:23:38.391683-04||f|"{'"goal_14'":1}"
133|Learn how to create a developer resume||f|2021-12-19 20:49:57.326-05|2022-04-28 16:23:38.308443-04||f|"{'"goal_12'":2}"
136|Apply for at least 2 jobs||f|2021-12-20 16:40:05.814-05|2021-12-20 16:40:05.815-05||f|
23|Bodyweight workout||f|2021-07-28 19:35:11.577-04|2022-01-05 15:20:49.96243-05||f|
138|Wash & dry shirts||f|2022-01-07 11:27:36.764-05|2022-01-07 11:27:36.764-05||f|
139|Reply to recruiters||t|2022-01-07 11:38:45.749-05|2022-01-07 11:41:28.364509-05||f|
140|Reply to recruiters||t|2022-01-07 11:41:32.467-05|2022-01-07 11:41:49.741161-05||f|
141|Reply to recruiters||f|2022-01-07 11:41:56.951-05|2022-01-07 11:41:56.951-05||f|
152|Look at YouTube video Sayeed sent me|https://www.youtube.com/watch?v=txHnWDRB728|f|2022-01-10 11:23:16.661-05|2022-01-10 11:23:39.199306-05||f|
12|Meditate||f|2021-07-28 18:58:22.432-04|2022-01-07 17:10:04.189637-05||f|
153|Refill Vyvanse prescription||f|2022-01-11 13:31:34.033-05|2022-01-11 13:31:34.033-05||f|
154|Deal with iPhone||f|2022-01-12 09:32:23.202-05|2022-01-12 09:32:23.202-05||f|
155|Get oil changed||f|2022-01-14 11:52:39.648-05|2022-01-14 11:52:39.648-05||f|
156|"Write '"I wanna see'"''s"||f|2022-01-14 11:52:55.121-05|2022-01-14 11:52:55.121-05||f|
143|Draw figure||f|2022-01-08 13:40:39.903-05|2022-04-28 16:23:38.394715-04||f|"{'"goal_16'":1}"
159|Enroll in Chrisma University||f|2022-01-16 12:13:53.262-05|2022-04-28 16:23:38.397916-04||f|"{'"goal_32'":1}"
144|Morning Joy||f|2022-01-08 14:25:21.857-05|2022-01-08 14:25:21.858-05||t|
145|Draw outline of the head||f|2022-01-08 16:16:01.197-05|2022-01-08 16:16:01.197-05||f|
146|Work on portrait of Twitter chick||f|2022-01-08 16:16:34.957-05|2022-01-08 16:16:34.957-05||f|
157|Get emissions tested||f|2022-01-14 13:27:30.903-05|2022-01-14 13:27:30.903-05||f|
158|Draw vision board of the [type of] people you want to be friends with||f|2022-01-16 12:08:27.585-05|2022-01-16 12:08:27.585-05||f|
166|Video: Getting the right proportions||f|2022-01-16 14:21:32.169-05|2022-01-16 14:22:57.574196-05||f|
164|Add video property to goals||f|2022-01-16 12:17:58.274-05|2022-04-28 16:23:38.413489-04||f|"{'"goal_34'":2}"
173|Video: Rendering||f|2022-01-16 14:21:32.17-05|2022-01-16 14:21:32.17-05||f|
174|Video: Final Touches Part 1||f|2022-01-16 14:21:32.17-05|2022-01-16 14:21:32.17-05||f|
175|Video: Final Touches Part 2||f|2022-01-16 14:21:32.17-05|2022-01-16 14:21:32.17-05||f|
176|Video: Final Touches Part 3||f|2022-01-16 14:21:32.17-05|2022-01-16 14:21:32.17-05||f|
167|Video: Choosing colors||f|2022-01-16 14:21:32.169-05|2022-01-16 14:23:23.767878-05||f|
168|Video: How to stylize photo study||f|2022-01-16 14:21:32.169-05|2022-01-16 14:24:45.933714-05||f|
169|Video: The art of observation||f|2022-01-16 14:21:32.17-05|2022-01-16 14:24:57.980026-05||f|
170|Video: Stylizing||f|2022-01-16 14:21:32.17-05|2022-01-16 14:25:15.185951-05||f|
172|Video: Laying down colors||f|2022-01-16 14:21:32.17-05|2022-01-16 14:25:53.789285-05||f|
177|Drawing Excersise - Ears||f|2022-01-18 09:19:06.722-05|2022-01-18 09:19:06.722-05||f|
178|Set up gas bill auto payment||f|2022-01-19 09:37:08.824-05|2022-01-19 09:37:08.824-05||f|
171|Video: Linework||t|2022-01-16 14:21:32.17-05|2022-01-24 10:44:56.23949-05||f|
165|Create simple briefing panel||f|2022-01-16 12:21:03.04-05|2022-04-28 16:23:38.417163-04||f|"{'"goal_36'":1}"
135|Find and contract someone to trim resume||f|2021-12-19 20:52:43.778-05|2022-04-28 16:23:38.311364-04||f|"{'"goal_12'":3}"
118|Draw body||t|2021-11-04 11:20:39.634-04|2022-03-22 13:46:41.557422-04||f|
160|Come up with drawing exercises||f|2022-01-16 12:15:30.454-05|2022-04-28 16:23:38.401161-04||f|"{'"goal_33'":1}"
163|Create video for every goal||f|2022-01-16 12:17:58.274-05|2022-04-28 16:23:38.410458-04||f|"{'"goal_34'":1}"
180|Write documentation for Coach app parts||f|2022-01-24 11:10:33.374-05|2022-04-28 16:23:38.425397-04||f|"{'"goal_37'":2}"
205|Add briefing details to the overviews of related features||f|2022-02-24 11:13:31.968-05|2022-04-28 16:23:34.036917-04||f|"{'"goal_48'":4}"
185|Come up with time-blocking scheme||f|2022-01-24 11:22:53.581-05|2022-01-24 11:23:44.10682-05||f|
186|Figure out art training schedule breakdown||f|2022-01-24 11:23:44.103-05|2022-01-24 11:24:01.854721-05||f|
215|Update upwork profile||f|2022-03-08 14:25:25.739-05|2022-04-28 16:23:38.447404-04||f|"{'"goal_38'":1}"
234|Change lights on garage door opener||f|2022-04-07 17:52:48.064-04|2022-04-28 16:23:38.360669-04||f|"{'"goal_1'":14}"
189|Look up tumbling and kickboxing classes||f|2022-01-24 11:30:37.647-05|2022-01-24 11:30:37.647-05||f|
190|Clean room||f|2022-01-24 11:31:33.168-05|2022-01-24 11:31:33.168-05||f|
191|Order filter for mom||f|2022-01-24 11:47:30.065-05|2022-01-24 11:47:30.065-05||f|
182|Create BPMNs for coach item planning||t|2022-01-24 11:10:33.374-05|2022-02-06 16:25:18.541819-05||f|
184|Create Coach items for self-help advice||t|2022-01-24 11:21:48.946-05|2022-02-06 16:25:22.434521-05||f|
192|Order voice recorder for mom||f|2022-02-10 12:01:01.178-05|2022-02-10 12:01:01.178-05||f|
193|Draw my face in sketchbook||f|2022-02-13 11:56:18.611-05|2022-02-13 11:56:18.611-05||f|
194|Look into weather-proofing for mom||f|2022-02-13 11:56:55.926-05|2022-02-13 11:56:55.926-05||f|
195|Cross hatch image from yesterday||f|2022-02-13 12:13:29.84-05|2022-02-13 12:13:29.84-05||f|
196|Vaccum stairs||f|2022-02-13 14:20:08.957-05|2022-02-13 14:20:08.957-05||f|
197|Remove trash holder||f|2022-02-13 17:10:25.424-05|2022-02-13 17:10:25.424-05||f|
198|Store Binance Investments in database||f|2022-02-17 09:53:22.684-05|2022-02-17 09:53:22.684-05||f|
199|Draw black girl with cool hat||f|2022-02-17 09:54:26.734-05|2022-02-17 09:54:26.734-05||f|
200|Renew registration||f|2022-02-23 11:00:04.121-05|2022-02-23 11:00:04.121-05||f|
201|Talk to Christy about second opinion from lawyer||f|2022-02-23 13:39:59.965-05|2022-02-23 13:39:59.965-05||f|
208|Start learning about launching an NFT||f|2022-03-08 08:19:53.288-05|2022-03-08 08:19:53.288-05||f|
209|Start NFT generator project||f|2022-03-08 08:20:20.571-05|2022-03-08 08:20:20.571-05||f|
210|List I wanna see's for NFT project||f|2022-03-08 08:20:49.108-05|2022-03-08 08:20:49.108-05||f|
216|Eat Lunch||f|2022-03-16 20:41:47.692-04|2022-03-16 20:41:47.691-04||f|
247|Cut tree in the back yard||f|2022-04-20 10:54:24.274-04|2022-04-28 16:23:38.377643-04||f|"{'"goal_1'":19}"
249|Put up security lights||f|2022-04-20 12:52:54.949-04|2022-04-28 16:23:38.385141-04||f|"{'"goal_1'":21}"
220|Learn & document qualities of astrology signs||f|2022-03-24 10:20:13.419-04|2022-04-28 16:23:38.461843-04||f|"{'"goal_27'":1}"
231|get new apple watch through versizon||f|2022-04-04 23:46:59.034-04|2022-04-04 23:46:59.034-04||f|
232|Text Charoline about Nexus Lexus||t|2022-04-05 22:50:19.447-04|2022-04-07 09:55:35.121553-04||f|
211|Fill out MVP document||f|2022-03-08 08:35:36.281-05|2022-04-28 16:23:37.659722-04||f|"{'"goal_48'":6}"
237|Sign up for insurance||f|2022-04-12 07:28:59.637-04|2022-04-12 07:28:59.637-04||f|
238|Do taxes||f|2022-04-12 08:40:29.076-04|2022-04-12 08:40:29.076-04||f|
90|Hook up alarm system||f|2021-08-13 19:13:50.932-04|2022-04-28 16:23:38.334731-04||f|"{'"goal_1'":6}"
239|Schedule lawn treatment||f|2022-04-12 19:50:32.997-04|2022-04-12 19:50:32.997-04||f|
240|Do budget||f|2022-04-13 09:04:11.962-04|2022-04-13 09:04:11.962-04||f|
241|It's ok fish||f|2022-04-13 10:22:13.311-04|2022-04-13 10:22:13.311-04||f|
242|"Write '"You Are a Badass Every Day'" journal entry"||f|2022-04-15 12:00:37.764-04|2022-04-15 12:00:37.764-04||f|
243|Finish first Stylelife daily mission||t|2022-04-15 12:02:08.708-04|2022-04-15 12:02:12.061369-04||f|
244|Finish first Stylelife daily mission||f|2022-04-15 12:02:41.861-04|2022-04-15 12:02:41.861-04||f|
206|Document database details for briefing feature||f|2022-02-24 11:20:01.506-05|2022-04-28 16:23:37.563327-04||f|"{'"goal_48'":5}"
245|Move boxes with towels amd sleeping back to attic||f|2022-04-15 15:44:23.292-04|2022-04-28 16:23:38.370439-04||f|"{'"goal_1'":17}"
212|Add button to refresh all repetitions||f|2022-03-08 10:24:43.88-05|2022-04-28 16:23:38.268065-04||f|"{'"goal_48'":7}"
252|Tell Blair happy birthday||f|2022-04-22 12:40:00.319-04|2022-04-22 12:40:00.319-04||f|
213|Add button to refresh todo repetitions||f|2022-03-08 10:24:54.075-05|2022-04-28 16:23:38.275505-04||f|"{'"goal_48'":8}"
250|Sign up for dance class||t|2022-04-21 10:40:19.605-04|2022-04-26 08:41:52.158405-04||f|"{'"goal_50'":2}"
233|Look into WYSYWIGs for blog||f|2022-04-07 10:01:11.177-04|2022-04-28 16:23:38.288809-04||f|"{'"goal_48'":10}"
214|Add button to refresh routine repetitions||f|2022-03-08 10:24:59.993-05|2022-04-28 16:23:38.280438-04||f|"{'"goal_48'":9}"
254|Sign up for dance classes||f|2022-04-23 16:41:57.817-04|2022-05-06 15:40:09.135178-04||f|"{'"goal_50'":2}"
221|Replace powder room sink faucet||f|2022-03-24 14:26:03.969-04|2022-04-28 16:23:38.347717-04||f|"{'"goal_1'":10}"
132|List most important dev skills||f|2021-12-19 20:49:57.326-05|2022-04-28 16:23:38.305479-04||f|"{'"goal_12'":1}"
251|Nest child todos in goal table||f|2022-04-21 16:04:40.254-04|2022-04-28 16:23:38.292064-04||f|"{'"goal_48'":11}"
56|Measure gutters||f|2021-07-31 18:46:20.418-04|2022-04-28 16:23:38.331314-04||f|"{'"goal_1'":5}"
227|Set up DirectTV stream box||f|2022-03-26 11:29:14.981-04|2022-04-28 16:23:38.354726-04||f|"{'"goal_1'":12}"
218|Put up blinds||f|2022-03-20 11:37:13.417-04|2022-04-28 16:23:38.340803-04||f|"{'"goal_1'":8}"
219|Pull weeds in yard||f|2022-03-20 11:37:13.417-04|2022-04-28 16:23:38.343714-04||f|"{'"goal_1'":9}"
228|Replace faucet in upstairs bathroom||f|2022-03-26 11:44:45.342-04|2022-04-28 16:23:38.357727-04||f|"{'"goal_1'":13}"
246|Set up new freezer||f|2022-04-15 15:44:33.652-04|2022-04-28 16:23:38.374278-04||f|"{'"goal_1'":18}"
161|Perform drawing exercises||f|2022-01-16 12:15:30.454-05|2022-04-28 16:23:38.404302-04||f|"{'"goal_33'":2}"
217|Change toilet||f|2022-03-20 11:37:13.417-04|2022-04-28 16:23:38.337773-04||f|"{'"goal_1'":7}"
235|Move message chair||f|2022-04-07 17:53:00.288-04|2022-04-28 16:23:38.363737-04||f|"{'"goal_1'":15}"
236|Move chest downstairs||f|2022-04-07 17:54:19.606-04|2022-04-28 16:23:38.366665-04||f|"{'"goal_1'":16}"
187|Look up cool jobs||f|2022-01-24 11:28:03.86-05|2022-04-28 16:23:38.433021-04||f|"{'"goal_29'":1}"
248|Replace toilet||f|2022-04-20 10:55:19.221-04|2022-04-28 16:23:38.381343-04||f|"{'"goal_1'":20}"
202|Update Hinge profile||f|2022-02-23 14:08:38.586-05|2022-04-28 16:23:38.441022-04||f|"{'"goal_42'":1}"
203|Write briefing overview||f|2022-02-24 07:53:40.989-05|2022-04-28 16:23:33.697902-04||f|"{'"goal_48'":2}"
222|Add timeframe bar to goal panel||f|2022-03-24 21:12:48.804-04|2022-04-28 16:23:38.451312-04||f|"{'"goal_46'":1}"
204|Create briefing mock-up||f|2022-02-24 07:54:53.679-05|2022-04-28 16:23:33.861808-04||f|"{'"goal_48'":3}"
183|Plan projects||f|2022-01-24 11:20:31.227-05|2022-04-28 16:23:33.522138-04||f|"{'"goal_48'":1}"
226|Treat weeds in lawn||f|2022-03-26 11:22:23.777-04|2022-04-28 16:23:38.351653-04||f|"{'"goal_1'":11}"
253|Buy tickets for dance class||f|2022-04-23 16:41:57.795-04|2022-05-06 15:40:09.135314-04||f|"{'"goal_50'":3}"
229|Finish updating Hinge profile||f|2022-04-01 13:47:42.925-04|2022-04-28 16:23:38.475919-04||f|"{'"goal_45'":1}"
223|Draw head 1||f|2022-03-25 09:47:09.345-04|2022-05-06 15:40:09.135573-04||f|"{'"goal_47'":2}"
25|De-alergize the crib||f|2021-07-28 23:28:40.457-04|2022-04-28 16:23:38.314433-04||f|"{'"goal_1'":1}"
207|Update Bumble profile||f|2022-03-06 09:33:05.693-05|2022-04-28 16:23:38.444083-04||f|"{'"goal_42'":2}"
224|Draw head 2||f|2022-03-25 09:47:09.346-04|2022-05-06 15:40:09.135444-04||f|"{'"goal_47'":1}"
26|Bath Bentley||f|2021-07-28 23:28:40.457-04|2022-04-28 16:23:38.318568-04||f|"{'"goal_1'":2}"
179|Write documentation for Coach front-end layout||f|2022-01-24 11:10:33.374-05|2022-04-28 16:23:38.420823-04||f|"{'"goal_37'":1}"
230|Plan Astra project||f|2022-04-04 08:20:10.316-04|2022-04-28 16:23:38.471095-04||f|"{'"goal_27'":3}"
225|Fill out your birth chart||f|2022-03-26 11:19:26.178-04|2022-04-28 16:23:38.467321-04||f|"{'"goal_27'":2}"
162|Take photo studies course|"https://class101.co/products/robynleoralowe?_pos=1&_psq=Rob&_ss=e&_v=1.0
https://class101.net/classes/6013a92178855d005aa50d9f/contents/602ccab0bd128b000d0dea7e"|f|2022-01-16 12:15:30.454-05|2022-04-28 16:23:38.407472-04||f|"{'"goal_33'":3}"
256|Apple for job Sayeed recommended||f|2022-04-27 12:54:46.029-04|2022-04-27 12:54:46.029-04||f|
257|Buy dugout||f|2022-04-27 12:55:19.449-04|2022-04-27 12:55:19.449-04||f|
260|Make appointment to see therapist||f|2022-05-06 18:20:10.275-04|2022-05-06 18:20:10.275-04||f|
258|Practice 10 Minutes: I Know That You Like My Style Routine|"Practice dance routine that you learned yesterday at your first hip-hop dance class
"|t|2022-04-28 11:15:21.623-04|2022-04-28 12:14:56.478891-04||f|
261|Wake up at 7 am||f|2022-05-06 20:32:00.875-04|2022-05-06 20:32:00.875-04||f|
259|Practice 10 Minutes: I Know That You Like My Style Routine||f|2022-04-28 12:26:50.962-04|2022-05-06 15:40:09.135022-04||f|"{'"goal_50'":1}"
188|Look at jobs in the film industry||f|2022-01-24 11:28:03.86-05|2022-04-28 16:23:38.436647-04||f|"{'"goal_29'":2}"
255|Buy mat||f|2022-04-23 18:21:53.36-04|2022-04-28 16:23:38.388288-04||f|"{'"goal_1'":22}"
